CREATE DATABASE  IF NOT EXISTS `controle_equipes` /*!40100 DEFAULT CHARACTER SET utf8mb4 COLLATE utf8mb4_general_ci */;
USE `controle_equipes`;
-- MySQL dump 10.13  Distrib 8.0.46, for Win64 (x86_64)
--
-- Host: 127.0.0.1    Database: controle_equipes
-- ------------------------------------------------------
-- Server version	5.5.5-10.4.32-MariaDB

/*!40101 SET @OLD_CHARACTER_SET_CLIENT=@@CHARACTER_SET_CLIENT */;
/*!40101 SET @OLD_CHARACTER_SET_RESULTS=@@CHARACTER_SET_RESULTS */;
/*!40101 SET @OLD_COLLATION_CONNECTION=@@COLLATION_CONNECTION */;
/*!50503 SET NAMES utf8 */;
/*!40103 SET @OLD_TIME_ZONE=@@TIME_ZONE */;
/*!40103 SET TIME_ZONE='+00:00' */;
/*!40014 SET @OLD_UNIQUE_CHECKS=@@UNIQUE_CHECKS, UNIQUE_CHECKS=0 */;
/*!40014 SET @OLD_FOREIGN_KEY_CHECKS=@@FOREIGN_KEY_CHECKS, FOREIGN_KEY_CHECKS=0 */;
/*!40101 SET @OLD_SQL_MODE=@@SQL_MODE, SQL_MODE='NO_AUTO_VALUE_ON_ZERO' */;
/*!40111 SET @OLD_SQL_NOTES=@@SQL_NOTES, SQL_NOTES=0 */;

--
-- Table structure for table `controle_diarios_equipe`
--

DROP TABLE IF EXISTS `controle_diarios_equipe`;
/*!40101 SET @saved_cs_client     = @@character_set_client */;
/*!50503 SET character_set_client = utf8mb4 */;
CREATE TABLE `controle_diarios_equipe` (
  `id` int(11) NOT NULL AUTO_INCREMENT,
  `data_diario` date NOT NULL,
  `id_obra` int(11) NOT NULL,
  `equipe` varchar(100) NOT NULL,
  `status_rdo` enum('PENDENTE','FINALIZADO') DEFAULT 'PENDENTE',
  `atualizado_em` timestamp NOT NULL DEFAULT current_timestamp() ON UPDATE current_timestamp(),
  PRIMARY KEY (`id`),
  UNIQUE KEY `uq_data_obra_equipe` (`data_diario`,`id_obra`,`equipe`)
) ENGINE=InnoDB AUTO_INCREMENT=152 DEFAULT CHARSET=utf8mb4 COLLATE=utf8mb4_general_ci;
/*!40101 SET character_set_client = @saved_cs_client */;

--
-- Dumping data for table `controle_diarios_equipe`
--

LOCK TABLES `controle_diarios_equipe` WRITE;
/*!40000 ALTER TABLE `controle_diarios_equipe` DISABLE KEYS */;
/*!40000 ALTER TABLE `controle_diarios_equipe` ENABLE KEYS */;
UNLOCK TABLES;

--
-- Table structure for table `diario_atividades`
--

DROP TABLE IF EXISTS `diario_atividades`;
/*!40101 SET @saved_cs_client     = @@character_set_client */;
/*!50503 SET character_set_client = utf8mb4 */;
CREATE TABLE `diario_atividades` (
  `id` int(11) NOT NULL AUTO_INCREMENT,
  `id_diario` int(11) NOT NULL,
  `tipo_servico` varchar(100) NOT NULL,
  `quantidade` decimal(10,2) NOT NULL,
  PRIMARY KEY (`id`),
  KEY `id_diario` (`id_diario`),
  CONSTRAINT `diario_atividades_ibfk_1` FOREIGN KEY (`id_diario`) REFERENCES `diario_obra` (`id`) ON DELETE CASCADE
) ENGINE=InnoDB AUTO_INCREMENT=48 DEFAULT CHARSET=utf8mb4 COLLATE=utf8mb4_general_ci;
/*!40101 SET character_set_client = @saved_cs_client */;

--
-- Dumping data for table `diario_atividades`
--

LOCK TABLES `diario_atividades` WRITE;
/*!40000 ALTER TABLE `diario_atividades` DISABLE KEYS */;
/*!40000 ALTER TABLE `diario_atividades` ENABLE KEYS */;
UNLOCK TABLES;

--
-- Table structure for table `diario_efetivo`
--

DROP TABLE IF EXISTS `diario_efetivo`;
/*!40101 SET @saved_cs_client     = @@character_set_client */;
/*!50503 SET character_set_client = utf8mb4 */;
CREATE TABLE `diario_efetivo` (
  `id` int(11) NOT NULL AUTO_INCREMENT,
  `data_diario` date NOT NULL,
  `id_obra` int(11) NOT NULL,
  `id_funcionario` int(11) NOT NULL,
  `id_gestor` int(11) DEFAULT NULL,
  `nome` varchar(150) NOT NULL,
  `cargo` varchar(100) DEFAULT NULL,
  `matricula` varchar(50) DEFAULT NULL,
  `turno` varchar(20) NOT NULL DEFAULT 'MANHÃ',
  `status_presenca` varchar(20) NOT NULL,
  `observacao` text DEFAULT NULL,
  `criado_em` timestamp NOT NULL DEFAULT current_timestamp(),
  `equipe` varchar(100) NOT NULL DEFAULT 'Geral',
  `id_veiculo` int(11) DEFAULT NULL,
  PRIMARY KEY (`id`)
) ENGINE=InnoDB AUTO_INCREMENT=1022 DEFAULT CHARSET=utf8mb4 COLLATE=utf8mb4_general_ci;
/*!40101 SET character_set_client = @saved_cs_client */;

--
-- Dumping data for table `diario_efetivo`
--

LOCK TABLES `diario_efetivo` WRITE;
/*!40000 ALTER TABLE `diario_efetivo` DISABLE KEYS */;
/*!40000 ALTER TABLE `diario_efetivo` ENABLE KEYS */;
UNLOCK TABLES;
/*!50003 SET @saved_cs_client      = @@character_set_client */ ;
/*!50003 SET @saved_cs_results     = @@character_set_results */ ;
/*!50003 SET @saved_col_connection = @@collation_connection */ ;
/*!50003 SET character_set_client  = utf8mb4 */ ;
/*!50003 SET character_set_results = utf8mb4 */ ;
/*!50003 SET collation_connection  = utf8mb4_unicode_ci */ ;
/*!50003 SET @saved_sql_mode       = @@sql_mode */ ;
/*!50003 SET sql_mode              = 'NO_ZERO_IN_DATE,NO_ZERO_DATE,NO_ENGINE_SUBSTITUTION' */ ;
DELIMITER ;;
/*!50003 CREATE*/ /*!50017 */ /*!50003 TRIGGER tg_inserir_controle_equipe

AFTER INSERT ON diario_efetivo

FOR EACH ROW

BEGIN

    -- Se o funcionário entrou como alocado e tem equipe definida

    IF NEW.status_presenca = 'ALOCADO' AND NEW.equipe IS NOT NULL AND NEW.equipe <> '' THEN

        INSERT INTO controle_diarios_equipe (data_diario, id_obra, equipe, status_rdo)

        VALUES (NEW.data_diario, NEW.id_obra, UPPER(TRIM(NEW.equipe)), 'PENDENTE')

        ON DUPLICATE KEY UPDATE status_rdo = 'PENDENTE';

    END IF;

END */;;
DELIMITER ;
/*!50003 SET sql_mode              = @saved_sql_mode */ ;
/*!50003 SET character_set_client  = @saved_cs_client */ ;
/*!50003 SET character_set_results = @saved_cs_results */ ;
/*!50003 SET collation_connection  = @saved_col_connection */ ;
/*!50003 SET @saved_cs_client      = @@character_set_client */ ;
/*!50003 SET @saved_cs_results     = @@character_set_results */ ;
/*!50003 SET @saved_col_connection = @@collation_connection */ ;
/*!50003 SET character_set_client  = utf8mb4 */ ;
/*!50003 SET character_set_results = utf8mb4 */ ;
/*!50003 SET collation_connection  = utf8mb4_unicode_ci */ ;
/*!50003 SET @saved_sql_mode       = @@sql_mode */ ;
/*!50003 SET sql_mode              = 'NO_ZERO_IN_DATE,NO_ZERO_DATE,NO_ENGINE_SUBSTITUTION' */ ;
DELIMITER ;;
/*!50003 CREATE*/ /*!50017 */ /*!50003 TRIGGER tg_atualizar_controle_equipe

AFTER INSERT ON diario_efetivo

FOR EACH ROW

BEGIN

    -- Se entrou um status de presença definitivo (RDO preenchido)

    IF NEW.status_presenca IN ('PRESENTE', 'FALTA', 'FALTOU', 'FOLGA', 'FÉRIAS', 'INTEGRAÇÃO') 

       AND NEW.equipe IS NOT NULL AND NEW.equipe <> '' THEN

        

        INSERT INTO controle_diarios_equipe (data_diario, id_obra, equipe, status_rdo)

        VALUES (NEW.data_diario, NEW.id_obra, UPPER(TRIM(NEW.equipe)), 'FINALIZADO')

        ON DUPLICATE KEY UPDATE status_rdo = 'FINALIZADO';

        

    END IF;

END */;;
DELIMITER ;
/*!50003 SET sql_mode              = @saved_sql_mode */ ;
/*!50003 SET character_set_client  = @saved_cs_client */ ;
/*!50003 SET character_set_results = @saved_cs_results */ ;
/*!50003 SET collation_connection  = @saved_col_connection */ ;
/*!50003 SET @saved_cs_client      = @@character_set_client */ ;
/*!50003 SET @saved_cs_results     = @@character_set_results */ ;
/*!50003 SET @saved_col_connection = @@collation_connection */ ;
/*!50003 SET character_set_client  = utf8mb4 */ ;
/*!50003 SET character_set_results = utf8mb4 */ ;
/*!50003 SET collation_connection  = utf8mb4_unicode_ci */ ;
/*!50003 SET @saved_sql_mode       = @@sql_mode */ ;
/*!50003 SET sql_mode              = 'NO_ZERO_IN_DATE,NO_ZERO_DATE,NO_ENGINE_SUBSTITUTION' */ ;
DELIMITER ;;
/*!50003 CREATE*/ /*!50017 */ /*!50003 TRIGGER tg_escala_criada_pendente

AFTER INSERT ON diario_efetivo

FOR EACH ROW

BEGIN

    IF NEW.status_presenca = 'ALOCADO' AND NEW.equipe IS NOT NULL AND NEW.equipe <> '' THEN

        INSERT INTO controle_diarios_equipe (data_diario, id_obra, equipe, status_rdo)

        VALUES (NEW.data_diario, NEW.id_obra, UPPER(TRIM(NEW.equipe)), 'PENDENTE')

        ON DUPLICATE KEY UPDATE 

            -- Só volta para PENDENTE se já não tiver sido FINALIZADO por um RDO técnico anterior

            status_rdo = IF(status_rdo = 'FINALIZADO', 'FINALIZADO', 'PENDENTE');

    END IF;

END */;;
DELIMITER ;
/*!50003 SET sql_mode              = @saved_sql_mode */ ;
/*!50003 SET character_set_client  = @saved_cs_client */ ;
/*!50003 SET character_set_results = @saved_cs_results */ ;
/*!50003 SET collation_connection  = @saved_col_connection */ ;

--
-- Table structure for table `diario_efetivo_confirmado`
--

DROP TABLE IF EXISTS `diario_efetivo_confirmado`;
/*!40101 SET @saved_cs_client     = @@character_set_client */;
/*!50503 SET character_set_client = utf8mb4 */;
CREATE TABLE `diario_efetivo_confirmado` (
  `id` int(11) NOT NULL AUTO_INCREMENT,
  `id_diario` int(11) DEFAULT NULL,
  `id_funcionario` int(11) NOT NULL,
  `status_presenca` varchar(40) DEFAULT NULL,
  `horas_trabalhadas` int(11) DEFAULT 0,
  `id_veiculo` int(11) DEFAULT NULL,
  `equipe` varchar(100) DEFAULT NULL,
  `data_diario` date DEFAULT NULL,
  `id_obra` int(11) DEFAULT NULL,
  PRIMARY KEY (`id`),
  KEY `id_diario` (`id_diario`)
) ENGINE=InnoDB AUTO_INCREMENT=320 DEFAULT CHARSET=utf8mb4 COLLATE=utf8mb4_general_ci;
/*!40101 SET character_set_client = @saved_cs_client */;

--
-- Dumping data for table `diario_efetivo_confirmado`
--

LOCK TABLES `diario_efetivo_confirmado` WRITE;
/*!40000 ALTER TABLE `diario_efetivo_confirmado` DISABLE KEYS */;
/*!40000 ALTER TABLE `diario_efetivo_confirmado` ENABLE KEYS */;
UNLOCK TABLES;

--
-- Table structure for table `diario_materiais_apontados`
--

DROP TABLE IF EXISTS `diario_materiais_apontados`;
/*!40101 SET @saved_cs_client     = @@character_set_client */;
/*!50503 SET character_set_client = utf8mb4 */;
CREATE TABLE `diario_materiais_apontados` (
  `id` bigint(20) unsigned NOT NULL AUTO_INCREMENT,
  `id_diario` int(11) NOT NULL,
  `material_nome` varchar(150) NOT NULL,
  `quantidade` decimal(10,2) NOT NULL,
  PRIMARY KEY (`id`),
  KEY `fk_diario_obra_materiais` (`id_diario`),
  CONSTRAINT `fk_diario_obra_materiais` FOREIGN KEY (`id_diario`) REFERENCES `diario_obra` (`id`) ON DELETE CASCADE
) ENGINE=InnoDB AUTO_INCREMENT=8 DEFAULT CHARSET=utf8mb4 COLLATE=utf8mb4_general_ci;
/*!40101 SET character_set_client = @saved_cs_client */;

--
-- Dumping data for table `diario_materiais_apontados`
--

LOCK TABLES `diario_materiais_apontados` WRITE;
/*!40000 ALTER TABLE `diario_materiais_apontados` DISABLE KEYS */;
/*!40000 ALTER TABLE `diario_materiais_apontados` ENABLE KEYS */;
UNLOCK TABLES;

--
-- Table structure for table `diario_obra`
--

DROP TABLE IF EXISTS `diario_obra`;
/*!40101 SET @saved_cs_client     = @@character_set_client */;
/*!50503 SET character_set_client = utf8mb4 */;
CREATE TABLE `diario_obra` (
  `id` int(11) NOT NULL AUTO_INCREMENT,
  `id_obra` int(11) NOT NULL,
  `data_diario` date NOT NULL,
  `observacoes` text DEFAULT NULL,
  `created_at` timestamp NOT NULL DEFAULT current_timestamp(),
  `id_gestor` int(11) DEFAULT NULL,
  `equipe` varchar(100) NOT NULL DEFAULT 'Geral',
  `status` varchar(100) DEFAULT 'Ativa (Ocorreu Normal)',
  PRIMARY KEY (`id`)
) ENGINE=InnoDB AUTO_INCREMENT=55 DEFAULT CHARSET=utf8mb4 COLLATE=utf8mb4_general_ci;
/*!40101 SET character_set_client = @saved_cs_client */;

--
-- Dumping data for table `diario_obra`
--

LOCK TABLES `diario_obra` WRITE;
/*!40000 ALTER TABLE `diario_obra` DISABLE KEYS */;
/*!40000 ALTER TABLE `diario_obra` ENABLE KEYS */;
UNLOCK TABLES;
/*!50003 SET @saved_cs_client      = @@character_set_client */ ;
/*!50003 SET @saved_cs_results     = @@character_set_results */ ;
/*!50003 SET @saved_col_connection = @@collation_connection */ ;
/*!50003 SET character_set_client  = utf8mb4 */ ;
/*!50003 SET character_set_results = utf8mb4 */ ;
/*!50003 SET collation_connection  = utf8mb4_unicode_ci */ ;
/*!50003 SET @saved_sql_mode       = @@sql_mode */ ;
/*!50003 SET sql_mode              = 'NO_ZERO_IN_DATE,NO_ZERO_DATE,NO_ENGINE_SUBSTITUTION' */ ;
DELIMITER ;;
/*!50003 CREATE*/ /*!50017 */ /*!50003 TRIGGER tg_rdo_salvo_finalizado

AFTER INSERT ON diario_obra

FOR EACH ROW

BEGIN

    IF NEW.equipe IS NOT NULL AND NEW.equipe <> '' THEN

        INSERT INTO controle_diarios_equipe (data_diario, id_obra, equipe, status_rdo)

        VALUES (NEW.data_diario, NEW.id_obra, UPPER(TRIM(NEW.equipe)), 'FINALIZADO')

        ON DUPLICATE KEY UPDATE status_rdo = 'FINALIZADO';

    END IF;

END */;;
DELIMITER ;
/*!50003 SET sql_mode              = @saved_sql_mode */ ;
/*!50003 SET character_set_client  = @saved_cs_client */ ;
/*!50003 SET character_set_results = @saved_cs_results */ ;
/*!50003 SET collation_connection  = @saved_col_connection */ ;

--
-- Table structure for table `diario_status_trava`
--

DROP TABLE IF EXISTS `diario_status_trava`;
/*!40101 SET @saved_cs_client     = @@character_set_client */;
/*!50503 SET character_set_client = utf8mb4 */;
CREATE TABLE `diario_status_trava` (
  `id` int(11) NOT NULL AUTO_INCREMENT,
  `data_diario` date NOT NULL,
  `id_obra` int(11) NOT NULL,
  `salvo` tinyint(4) DEFAULT 0,
  PRIMARY KEY (`id`),
  UNIQUE KEY `uq_diario_obra` (`data_diario`,`id_obra`)
) ENGINE=InnoDB AUTO_INCREMENT=2 DEFAULT CHARSET=utf8mb4 COLLATE=utf8mb4_general_ci;
/*!40101 SET character_set_client = @saved_cs_client */;

--
-- Dumping data for table `diario_status_trava`
--

LOCK TABLES `diario_status_trava` WRITE;
/*!40000 ALTER TABLE `diario_status_trava` DISABLE KEYS */;
/*!40000 ALTER TABLE `diario_status_trava` ENABLE KEYS */;
UNLOCK TABLES;

--
-- Table structure for table `diarios_veiculos`
--

DROP TABLE IF EXISTS `diarios_veiculos`;
/*!40101 SET @saved_cs_client     = @@character_set_client */;
/*!50503 SET character_set_client = utf8mb4 */;
CREATE TABLE `diarios_veiculos` (
  `id` int(11) NOT NULL AUTO_INCREMENT,
  `id_obra` int(11) NOT NULL,
  `data_diario` date NOT NULL,
  `caminhao_placa` varchar(20) DEFAULT NULL,
  `caminhao_tipo` varchar(50) DEFAULT NULL,
  `caminhao_outros` varchar(100) DEFAULT NULL,
  `apoio_placa` varchar(20) DEFAULT NULL,
  `apoio_tipo` varchar(50) DEFAULT NULL,
  `equipamentos_json` text DEFAULT NULL,
  `observacoes` text DEFAULT NULL,
  `criado_em` timestamp NOT NULL DEFAULT current_timestamp(),
  PRIMARY KEY (`id`),
  UNIQUE KEY `uq_obra_data` (`id_obra`,`data_diario`)
) ENGINE=InnoDB AUTO_INCREMENT=4 DEFAULT CHARSET=utf8mb4 COLLATE=utf8mb4_general_ci;
/*!40101 SET character_set_client = @saved_cs_client */;

--
-- Dumping data for table `diarios_veiculos`
--

LOCK TABLES `diarios_veiculos` WRITE;
/*!40000 ALTER TABLE `diarios_veiculos` DISABLE KEYS */;
/*!40000 ALTER TABLE `diarios_veiculos` ENABLE KEYS */;
UNLOCK TABLES;

--
-- Table structure for table `escalas`
--

DROP TABLE IF EXISTS `escalas`;
/*!40101 SET @saved_cs_client     = @@character_set_client */;
/*!50503 SET character_set_client = utf8mb4 */;
CREATE TABLE `escalas` (
  `id` int(11) NOT NULL AUTO_INCREMENT,
  `data_escala` date NOT NULL,
  `id_gestor` int(11) NOT NULL,
  `id_obra` int(11) DEFAULT NULL,
  `id_funcionario` int(11) NOT NULL,
  `criado_em` timestamp NOT NULL DEFAULT current_timestamp(),
  PRIMARY KEY (`id`),
  UNIQUE KEY `uq_escala_funcionario_dia` (`data_escala`,`id_funcionario`),
  KEY `id_funcionario` (`id_funcionario`),
  KEY `fk_escalas_obra` (`id_obra`),
  KEY `fk_escalas_gestor` (`id_gestor`),
  CONSTRAINT `escalas_ibfk_2` FOREIGN KEY (`id_funcionario`) REFERENCES `funcionarios` (`id`) ON DELETE CASCADE,
  CONSTRAINT `fk_escalas_gestor` FOREIGN KEY (`id_gestor`) REFERENCES `usuarios_sistema` (`id`),
  CONSTRAINT `fk_escalas_obra` FOREIGN KEY (`id_obra`) REFERENCES `obras` (`id`)
) ENGINE=InnoDB AUTO_INCREMENT=6 DEFAULT CHARSET=utf8mb4 COLLATE=utf8mb4_general_ci;
/*!40101 SET character_set_client = @saved_cs_client */;

--
-- Dumping data for table `escalas`
--

LOCK TABLES `escalas` WRITE;
/*!40000 ALTER TABLE `escalas` DISABLE KEYS */;
/*!40000 ALTER TABLE `escalas` ENABLE KEYS */;
UNLOCK TABLES;

--
-- Table structure for table `funcionarios`
--

DROP TABLE IF EXISTS `funcionarios`;
/*!40101 SET @saved_cs_client     = @@character_set_client */;
/*!50503 SET character_set_client = utf8mb4 */;
CREATE TABLE `funcionarios` (
  `id` int(11) NOT NULL AUTO_INCREMENT,
  `matricula` varchar(30) NOT NULL,
  `nome` varchar(100) NOT NULL,
  `cargo` varchar(50) DEFAULT NULL,
  `ativo` varchar(30) NOT NULL DEFAULT 'INTEGRAÇÃO PENDENTE',
  `atualizado_em` timestamp NOT NULL DEFAULT current_timestamp() ON UPDATE current_timestamp(),
  `cpf` varchar(14) DEFAULT NULL,
  `telefone` varchar(15) DEFAULT NULL,
  `tam_calca` varchar(10) DEFAULT NULL,
  `tam_camisa` varchar(10) DEFAULT NULL,
  `tam_calcado` int(11) DEFAULT NULL,
  `data_admissao` date DEFAULT NULL,
  `data_postagem_aso_pasta` date DEFAULT NULL,
  `data_documentos_rh_completos` date DEFAULT NULL,
  PRIMARY KEY (`id`),
  UNIQUE KEY `matricula` (`matricula`)
) ENGINE=InnoDB AUTO_INCREMENT=288 DEFAULT CHARSET=utf8mb4 COLLATE=utf8mb4_general_ci;
/*!40101 SET character_set_client = @saved_cs_client */;

--
-- Dumping data for table `funcionarios`
--

LOCK TABLES `funcionarios` WRITE;
/*!40000 ALTER TABLE `funcionarios` DISABLE KEYS */;
INSERT INTO `funcionarios` VALUES (1,'462','JOSINALDO DA SILVEIRA CAVALCANTE','ENCARREGADO DE OBRAS','ATIVO','2026-06-22 14:29:54',NULL,NULL,NULL,NULL,NULL,NULL,NULL,NULL),(2,'1605','JANIVALDO PEREIRA DA SILVA','ENCARREGADO DE MOTORISTA PUXADOR DE GUIA','ATIVO','2026-06-22 14:29:54',NULL,NULL,NULL,NULL,NULL,NULL,NULL,NULL),(3,'1550','ISMAEL NASCIMENTO DE OLIVEIRA','SERVENTE DE OBRAS','ATIVO','2026-06-22 14:29:54',NULL,NULL,NULL,NULL,NULL,NULL,NULL,NULL),(4,'555','BRENO KAUAN DOS SANTOS LIMA','OPERADOR DE PINTURA JR','ATIVO','2026-06-22 14:29:54',NULL,NULL,NULL,NULL,NULL,NULL,NULL,NULL),(5,'1588','EVERTON CHAVES GOMES','SERVENTE DE OBRAS','ATIVO','2026-06-22 14:29:54',NULL,NULL,NULL,NULL,NULL,NULL,NULL,NULL),(6,'1256','MATHEUS DE CASTRO SOUSA','MOTORISTA PUXADOR DE GUIA','ATIVO','2026-06-22 14:29:54',NULL,NULL,NULL,NULL,NULL,NULL,NULL,NULL),(7,'1533','SAMUEL DA SILVA LISBOA','OPERADOR DE PINTURA','ATIVO','2026-06-22 14:29:54',NULL,NULL,NULL,NULL,NULL,NULL,NULL,NULL),(8,'1532','FRANCISCO CARLOS CARDOSO ALVES FILHO','SERVENTE DE OBRAS','ATIVO','2026-06-22 14:29:54',NULL,NULL,NULL,NULL,NULL,NULL,NULL,NULL),(9,'1534','RAIMUNDO NONATO MOREIRA DOS SANTOS','OPERADOR DE PINTURA JR','ATIVO','2026-06-22 14:29:54',NULL,NULL,NULL,NULL,NULL,NULL,NULL,NULL),(10,'1031','ALEXANDRE PROENCA','ENCARREGADO DE MOTORISTA PUXADOR DE GUIA','ATIVO','2026-06-22 14:29:54',NULL,NULL,NULL,NULL,NULL,NULL,NULL,NULL),(11,'1547','VINICIUS MAIA DA CRUZ','OPERADOR DE PINTURA','ATIVO','2026-06-22 14:29:54',NULL,NULL,NULL,NULL,NULL,NULL,NULL,NULL),(12,'1551','RODRIGO LEAL DO NASCIMENTO','SERVENTE DE OBRAS','ATIVO','2026-06-22 14:29:54',NULL,NULL,NULL,NULL,NULL,NULL,NULL,NULL),(13,'1648','WESLLEY SILVA PEDRO','SERVENTE DE OBRAS','ATIVO','2026-06-22 14:29:54',NULL,NULL,NULL,NULL,NULL,NULL,NULL,NULL),(14,'586','WILLIAN DA SILVA BALDUINO','ENCARREGADO DE OBRAS','ATIVO','2026-06-22 14:29:54',NULL,NULL,NULL,NULL,NULL,NULL,NULL,NULL),(15,'1552','RYAN CHRYSTIAN CRUZ PEREIRA','SERVENTE DE OBRAS','ATIVO','2026-06-22 14:29:54',NULL,NULL,NULL,NULL,NULL,NULL,NULL,NULL),(16,'1560','FELIPE KELLVER FELIX DOS SANTOS','SERVENTE DE OBRAS','ATIVO','2026-06-22 14:29:54',NULL,NULL,NULL,NULL,NULL,NULL,NULL,NULL),(17,'1480','JONATHAN WILLIAN DA CRUZ BRAZ','SERVENTE DE OBRAS','ATIVO','2026-06-22 14:29:54',NULL,NULL,NULL,NULL,NULL,NULL,NULL,NULL),(18,'1649','MARCOS ALEXANDRE DA CRUZ SILVA','SERVENTE DE OBRAS','ATIVO','2026-06-22 14:29:54',NULL,NULL,NULL,NULL,NULL,NULL,NULL,NULL),(19,'975','JACKSON DOS SANTOS OLIVEIRA','OPERADOR DE PINTURA JR','ATIVO','2026-06-22 14:29:54',NULL,NULL,NULL,NULL,NULL,NULL,NULL,NULL),(20,'636','PAULO SERGIO DA SILVA','MOTORISTA PUXADOR DE GUIA','ATIVO','2026-06-22 14:29:54',NULL,NULL,NULL,NULL,NULL,NULL,NULL,NULL),(21,'145','CLEOMAR TEODORO DA SILVA','OPERADOR DE PINTURA','ATIVO','2026-06-22 14:29:54',NULL,NULL,NULL,NULL,NULL,NULL,NULL,NULL),(22,'625','GABRIEL DA SILVA LIMA','SERVENTE DE OBRAS','ATIVO','2026-06-22 14:29:54',NULL,NULL,NULL,NULL,NULL,NULL,NULL,NULL),(23,'1548','CRISTHYAN CARIA SILVA','SERVENTE DE OBRAS','ATIVO','2026-06-22 14:29:54',NULL,NULL,NULL,NULL,NULL,NULL,NULL,NULL),(24,'1546','ROBSON DE ALMEIDA RODRIGUES FILHO','SERVENTE DE OBRAS','ATIVO','2026-06-22 14:29:54',NULL,NULL,NULL,NULL,NULL,NULL,NULL,NULL),(25,'1558','VITOR PINHEIRO MORAIS','MOTORISTA CAMINHAO','ATIVO','2026-06-22 14:29:54',NULL,NULL,NULL,NULL,NULL,NULL,NULL,NULL),(26,'1612','ANTONIO HENRIQUE MENDES DA SILVA','SERVENTE DE OBRAS','ATIVO','2026-06-22 14:29:54',NULL,NULL,NULL,NULL,NULL,NULL,NULL,NULL),(27,'1618','ERIK FABIANO DA SILVA','OPERADOR DE PINTURA','ATIVO','2026-06-22 14:29:54',NULL,NULL,NULL,NULL,NULL,NULL,NULL,NULL),(28,'1594','FABIANO PACHECO TEIXEIRA','SERVENTE DE OBRAS','ATIVO','2026-06-22 14:29:54',NULL,NULL,NULL,NULL,NULL,NULL,NULL,NULL),(29,'1646','ISMAEL GUEDES DA SILVA','SERVENTE DE OBRAS','ATIVO','2026-06-22 14:29:54',NULL,NULL,NULL,NULL,NULL,NULL,NULL,NULL),(30,'1264','ELVIS CUSTODIO DE OLIVEIRA LIMA','ENCARREGADO DE OBRAS','ATIVO','2026-06-22 14:29:54',NULL,NULL,NULL,NULL,NULL,NULL,NULL,NULL),(31,'931','FLORISVALDO DE SOUSA DESIDERIO','OPERADOR DE PINTURA','ATIVO','2026-06-22 14:29:54',NULL,NULL,NULL,NULL,NULL,NULL,NULL,NULL),(32,'1611','LEANDRO PEREIRA ANDRADE','SERVENTE DE OBRAS','ATIVO','2026-06-22 14:29:54',NULL,NULL,NULL,NULL,NULL,NULL,NULL,NULL),(33,'1127','CLODOALDO FERNANDES','MOTORISTA','ATIVO','2026-06-22 14:29:54',NULL,NULL,NULL,NULL,NULL,NULL,NULL,NULL),(34,'1621','EDSON DA SILVA BARBOSA','SERVENTE DE OBRAS','ATIVO','2026-06-22 14:29:54',NULL,NULL,NULL,NULL,NULL,NULL,NULL,NULL),(35,'716','JULINARDO PEREIRA BENTO','SERVENTE DE OBRAS','ATIVO','2026-06-22 14:29:54',NULL,NULL,NULL,NULL,NULL,NULL,NULL,NULL),(36,'947','GABRIEL PEREIRA FREDERICO','OPERADOR DE PINTURA JR','ATIVO','2026-06-22 14:29:54',NULL,NULL,NULL,NULL,NULL,NULL,NULL,NULL),(37,'479','LUCAS GALLEGO DE OLIVEIRA','MOTORISTA ENCARREGADO PUXADOR DE GUIA','ATIVO','2026-06-22 14:29:54',NULL,NULL,NULL,NULL,NULL,NULL,NULL,NULL),(38,'399','ERICO SILVA DE ARAUJO','OPERADOR DE PINTURA','ATIVO','2026-06-22 14:29:54',NULL,NULL,NULL,NULL,NULL,NULL,NULL,NULL),(39,'1609','RODRIGO PENACHONE PEREIRA','SERVENTE DE OBRAS','ATIVO','2026-06-22 14:29:54',NULL,NULL,NULL,NULL,NULL,NULL,NULL,NULL),(40,'1608','CARLOS EDUARDO GOMES SANCHEZ','SERVENTE DE OBRAS','ATIVO','2026-06-22 14:29:54',NULL,NULL,NULL,NULL,NULL,NULL,NULL,NULL),(41,'455','CARLOS ALBERTO TABERMANN','MOTORISTA ENCARREGADO PUXADOR DE GUIA','ATIVO','2026-06-22 14:29:54',NULL,NULL,NULL,NULL,NULL,NULL,NULL,NULL),(42,'177','ANDRE DE JESUS SANTOS JUNIOR','OPERADOR DE PINTURA JR','ATIVO','2026-06-22 14:29:54',NULL,NULL,NULL,NULL,NULL,NULL,NULL,NULL),(43,'856','ANTONIO CARLOS SOARES DA COSTA','ENCARREGADO','ATIVO','2026-06-22 14:29:54',NULL,NULL,NULL,NULL,NULL,NULL,NULL,NULL),(44,'1303','WINDSON DE JESUS AQUINO','OPERADOR DE PINTURA','ATIVO','2026-06-22 14:29:54',NULL,NULL,NULL,NULL,NULL,NULL,NULL,NULL),(45,'1494','CAUA PASSOS PEREIRA','SERVENTE DE OBRAS','ATIVO','2026-06-22 14:29:54',NULL,NULL,NULL,NULL,NULL,NULL,NULL,NULL),(46,'1615','ALEX MACIEL GOMES','ENCARREGADO DE MOTORISTA PUXADOR DE GUIA','ATIVO','2026-06-22 14:29:54',NULL,NULL,NULL,NULL,NULL,NULL,NULL,NULL),(47,'1673','DEIBSON SANTOS DE OLIVEIRA','SERVENTE DE OBRAS','ATIVO','2026-06-22 14:29:54',NULL,NULL,NULL,NULL,NULL,NULL,NULL,NULL),(48,'1678','LUCAS MATEUS DE ANDRADE SOUSA','SERVENTE DE OBRAS','ATIVO','2026-06-22 14:29:54',NULL,NULL,NULL,NULL,NULL,NULL,NULL,NULL),(49,'1472','MANOEL FRANCISCO DA SILVA DE SOUSA GOMES','MOTORISTA ENCARREGADO','ATIVO','2026-06-22 14:29:54',NULL,NULL,NULL,NULL,NULL,NULL,NULL,NULL),(50,'1540','LAHIR DE OLIVEIRA','SERVENTE DE OBRAS','ATIVO','2026-06-22 14:29:54',NULL,NULL,NULL,NULL,NULL,NULL,NULL,NULL),(51,'1561','JEBSON OTAVIO DOS SANTOS','SERVENTE DE OBRAS','ATIVO','2026-06-22 14:29:54',NULL,NULL,NULL,NULL,NULL,NULL,NULL,NULL),(52,'1537','FABRICIO NOGUEIRA DA SILVA','SERVENTE DE OBRAS','ATIVO','2026-06-22 14:29:54',NULL,NULL,NULL,NULL,NULL,NULL,NULL,NULL),(53,'1156','JOSE ROBERTO FERNANDES','SERVENTE DE OBRAS','ATIVO','2026-06-22 14:29:54',NULL,NULL,NULL,NULL,NULL,NULL,NULL,NULL),(54,'1162','LUCIANO AUGUSTO TOPAN','ENCARREGADO DE MOTORISTA PUXADOR DE GUIA','ATIVO','2026-06-22 14:29:54',NULL,NULL,NULL,NULL,NULL,NULL,NULL,NULL),(55,'1295','ISNAR EMANOEL LEITE','SERVENTE DE OBRAS','ATIVO','2026-06-22 14:29:54',NULL,NULL,NULL,NULL,NULL,NULL,NULL,NULL),(56,'1411','ARLISON DOS SANTOS MARTINS','SERVENTE DE OBRAS','ATIVO','2026-06-22 14:29:54',NULL,NULL,NULL,NULL,NULL,NULL,NULL,NULL),(57,'251','RHAI SOUSA ALVES OLIVEIRA','OPERADOR DE PINTURA JR','ATIVO','2026-06-22 14:29:54',NULL,NULL,NULL,NULL,NULL,NULL,NULL,NULL),(58,'1542','RUAN PASSOS FIGUEIREDO','SERVENTE DE OBRAS','ATIVO','2026-06-22 14:29:54',NULL,NULL,NULL,NULL,NULL,NULL,NULL,NULL),(59,'1356','JOSE DE ARRUDA SILVA','MOTORISTA','ATIVO','2026-06-22 14:29:54',NULL,NULL,NULL,NULL,NULL,NULL,NULL,NULL),(60,'1620','MATEUS DA SILVA SOUZA','SERVENTE DE OBRAS','ATIVO','2026-06-22 14:29:54',NULL,NULL,NULL,NULL,NULL,NULL,NULL,NULL),(61,'719','EVERTON GUIMARAES ALVES','SERVENTE DE OBRAS','ATIVO','2026-06-22 14:29:54',NULL,NULL,NULL,NULL,NULL,NULL,NULL,NULL),(62,'1544','MATHEUS DA ROCHA SOUZA','SERVENTE DE OBRAS','ATIVO','2026-06-22 14:29:54',NULL,NULL,NULL,NULL,NULL,NULL,NULL,NULL),(63,'1651','ALEXANDRE DA SILVA SOARES','SERVENTE DE OBRAS','ATIVO','2026-06-22 14:29:54',NULL,NULL,NULL,NULL,NULL,NULL,NULL,NULL),(64,'1668','ALEXANDRE FERREIRA DA SILVA','SERVENTE DE OBRAS','ATIVO','2026-06-22 14:29:54',NULL,NULL,NULL,NULL,NULL,NULL,NULL,NULL),(65,'1665','ANDERSON RODRIGUES DA COSTA','SERVENTE DE OBRAS','ATIVO','2026-06-22 14:29:54',NULL,NULL,NULL,NULL,NULL,NULL,NULL,NULL),(66,'1654','ANDRE DE OLIVEIRA','SERVENTE DE OBRAS','ATIVO','2026-06-22 14:29:54',NULL,NULL,NULL,NULL,NULL,NULL,NULL,NULL),(67,'1074','ANTONIO FRANCISCO RODRIGUES DA SILVA','ENCARREGADO DE MOTORISTA PUXADOR DE GUIA','ATIVO','2026-06-22 14:29:54',NULL,NULL,NULL,NULL,NULL,NULL,NULL,NULL),(68,'721','BENJAMIM CELESTINO DE ALMEIDA NETO','SERVENTE DE OBRAS','ATIVO','2026-06-22 14:29:54',NULL,NULL,NULL,NULL,NULL,NULL,NULL,NULL),(69,'1058','CAIQUE CAMPOS DE JESUS','OPERADOR DE PINTURA JR','ATIVO','2026-06-22 14:29:54',NULL,NULL,NULL,NULL,NULL,NULL,NULL,NULL),(70,'1652','CARLOS EDUARDO CARVALHO GONÇALVES','SERVENTE DE OBRAS','ATIVO','2026-06-22 14:29:54',NULL,NULL,NULL,NULL,NULL,NULL,NULL,NULL),(71,'1525','CARLOS HENRIQUE GONÇALVES','SERVENTE DE OBRAS','ATIVO','2026-06-22 14:29:54',NULL,NULL,NULL,NULL,NULL,NULL,NULL,NULL),(72,'1464','CARLOS HENRIQUE DE AMARAL SANTOS SIQUEIRA','SERVENTE DE OBRAS','ATIVO','2026-06-22 14:29:54',NULL,NULL,NULL,NULL,NULL,NULL,NULL,NULL),(73,'1042','DENILSON LOURENCO SOARES','SERVENTE DE OBRAS','ATIVO','2026-06-22 14:29:54',NULL,NULL,NULL,NULL,NULL,NULL,NULL,NULL),(74,'1692','DIOGO DA SILVA BRANDAO','SERVENTE DE OBRAS','ATIVO','2026-06-22 14:29:54',NULL,NULL,NULL,NULL,NULL,NULL,NULL,NULL),(75,'1666','DOUGLAS DA SILVA BRANDÃO','SERVENTE DE OBRAS','ATIVO','2026-06-22 14:29:54',NULL,NULL,NULL,NULL,NULL,NULL,NULL,NULL),(76,'1598','EDSON EMANOEL SOARES BORGES ROSA','SERVENTE DE OBRAS','ATIVO','2026-06-22 14:29:54',NULL,NULL,NULL,NULL,NULL,NULL,NULL,NULL),(77,'865','EMANUEL DE CAMARGO','OPERADOR DE PINTURA JR','ATIVO','2026-06-22 14:29:54',NULL,NULL,NULL,NULL,NULL,NULL,NULL,NULL),(78,'1664','GABRIEL ALVES CARDOSO','SERVENTE DE OBRAS','ATIVO','2026-06-22 14:29:54',NULL,NULL,NULL,NULL,NULL,NULL,NULL,NULL),(79,'387','GENILSON JOSE CARDOSO DE MELO','MOTORISTA ENCARREGADO PUXADOR DE GUIA','ATIVO','2026-06-22 14:29:54',NULL,NULL,NULL,NULL,NULL,NULL,NULL,NULL),(80,'1644','GERSON LEMES LEITE','SERVENTE DE OBRAS','ATIVO','2026-06-22 14:29:54',NULL,NULL,NULL,NULL,NULL,NULL,NULL,NULL),(81,'1342','GUILHERME DANIEL DE SOUZA','SERVENTE DE OBRAS','ATIVO','2026-06-22 14:29:54',NULL,NULL,NULL,NULL,NULL,NULL,NULL,NULL),(82,'1334','GUILHERME SALIM FRANCO','MOTORISTA ENCARREGADO','ATIVO','2026-06-22 14:29:54',NULL,NULL,NULL,NULL,NULL,NULL,NULL,NULL),(83,'1635','GUSTAVO KESLEY DA SILVA SOUZA','SERVENTE DE OBRAS','ATIVO','2026-06-22 14:29:54',NULL,NULL,NULL,NULL,NULL,NULL,NULL,NULL),(84,'1465','GUSTAVO OLIVEIRA CARDOSO','SERVENTE DE OBRAS','ATIVO','2026-06-22 14:29:54',NULL,NULL,NULL,NULL,NULL,NULL,NULL,NULL),(85,'1325','GUSTAVO SANTOS MIRANDA','SERVENTE DE OBRAS','ATIVO','2026-06-22 14:29:54',NULL,NULL,NULL,NULL,NULL,NULL,NULL,NULL),(86,'1401','HERCULES NASCIMENTO SOUSA','SERVENTE DE OBRAS','ATIVO','2026-06-22 14:29:54',NULL,NULL,NULL,NULL,NULL,NULL,NULL,NULL),(87,'1601','IAGO NEGREIRO DA SILVA','SERVENTE DE OBRAS','ATIVO','2026-06-22 14:29:54',NULL,NULL,NULL,NULL,NULL,NULL,NULL,NULL),(88,'1529','ICARO SANTANA GALVAO','INSTALADOR DE PLACAS','ATIVO','2026-06-22 14:29:54',NULL,NULL,NULL,NULL,NULL,NULL,NULL,NULL),(89,'1492','JAYME DE SOUZA SILVA','ENCARREGADO DE MOTORISTA PUXADOR DE GUIA','ATIVO','2026-06-22 14:29:54',NULL,NULL,NULL,NULL,NULL,NULL,NULL,NULL),(90,'1139','JEFERSON DA SILVA BOSSERT','MOTORISTA ENCARREGADO PUXADOR DE GUIA','ATIVO','2026-06-22 14:29:54',NULL,NULL,NULL,NULL,NULL,NULL,NULL,NULL),(91,'1671','JHONATA DOS SANTOS FELIX','SERVENTE DE OBRAS','ATIVO','2026-06-22 14:29:54',NULL,NULL,NULL,NULL,NULL,NULL,NULL,NULL),(92,'1653','JHONATAS PIAUILINO OLIVEIRA','SERVENTE DE OBRAS','ATIVO','2026-06-22 14:29:54',NULL,NULL,NULL,NULL,NULL,NULL,NULL,NULL),(93,'1444','JOAO VICTOR DE AZEVEDO JERONIMO','SERVENTE DE OBRAS','ATIVO','2026-06-22 14:29:54',NULL,NULL,NULL,NULL,NULL,NULL,NULL,NULL),(94,'1662','JOAO VICTOR PADILHA DA SILVA','OPERADOR DE PINTURA','ATIVO','2026-06-22 14:29:54',NULL,NULL,NULL,NULL,NULL,NULL,NULL,NULL),(95,'1669','JOAO VITOR DA SILVA MATTOS','SERVENTE DE OBRAS','ATIVO','2026-06-22 14:29:54',NULL,NULL,NULL,NULL,NULL,NULL,NULL,NULL),(96,'1638','JONATHAN DA COSTA ARAUJO','SERVENTE DE OBRAS','ATIVO','2026-06-22 14:29:54',NULL,NULL,NULL,NULL,NULL,NULL,NULL,NULL),(97,'1634','JOSE CLEBE DOS SANTOS','SERVENTE DE OBRAS','ATIVO','2026-06-22 14:29:54',NULL,NULL,NULL,NULL,NULL,NULL,NULL,NULL),(98,'1661','JOSE CLEMENTE DE CARVALHO JUNIOR','MOTORISTA ENCARREGADO PUXADOR DE GUIA','ATIVO','2026-06-22 14:29:54',NULL,NULL,NULL,NULL,NULL,NULL,NULL,NULL),(99,'1553','JOSE LOPES DE OLIVEIRA NETO','OPERADOR DE PINTURA','ATIVO','2026-06-22 14:29:54',NULL,NULL,NULL,NULL,NULL,NULL,NULL,NULL),(100,'1391','JOSE SEBASTIAO DA SILVA','MOTORISTA CAMINHAO','ATIVO','2026-06-22 14:29:54',NULL,NULL,NULL,NULL,NULL,NULL,NULL,NULL),(101,'1592','JULIANO MACHADO RAYMUNDO','SERVENTE DE OBRAS','ATIVO','2026-06-22 14:29:54',NULL,NULL,NULL,NULL,NULL,NULL,NULL,NULL),(102,'1694','KAUA SOUZA DE ALMEIDA CAIRO','SERVENTE DE OBRAS','ATIVO','2026-06-22 14:29:54',NULL,NULL,NULL,NULL,NULL,NULL,NULL,NULL),(103,'992','KENEDY FURTADO CARDOSO','MOTORISTA PUXADOR DE GUIA','ATIVO','2026-06-22 14:29:54',NULL,NULL,NULL,NULL,NULL,NULL,NULL,NULL),(104,'1433','LUCAS MUNIZ DOS SANTOS','SERVENTE DE OBRAS','ATIVO','2026-06-22 14:29:54',NULL,NULL,NULL,NULL,NULL,NULL,NULL,NULL),(105,'411','LUCIO FLAVIO PEREIRA ALVES','MOTORISTA PUXADOR DE GUIA','ATIVO','2026-06-22 14:29:54',NULL,NULL,NULL,NULL,NULL,NULL,NULL,NULL),(106,'1014','LUIZ CLAUDIO DO ROSARIO DOMINGOS','SERVENTE DE OBRAS','ATIVO','2026-06-22 14:29:54',NULL,NULL,NULL,NULL,NULL,NULL,NULL,NULL),(107,'1663','LUIZ HENRIQUE DA SILVA SOUZA','SERVENTE DE OBRAS','ATIVO','2026-06-22 14:29:54',NULL,NULL,NULL,NULL,NULL,NULL,NULL,NULL),(108,'1092','MATEUS MARTINS DOS SANTOS','OPERADOR DE PINTURA','ATIVO','2026-06-22 14:29:54',NULL,NULL,NULL,NULL,NULL,NULL,NULL,NULL),(109,'1486','MAURICIO AMAURI DA SILVA FILHO','INSTALADOR DE PLACAS','ATIVO','2026-06-22 14:29:54',NULL,NULL,NULL,NULL,NULL,NULL,NULL,NULL),(110,'627','NILSON SOARES DOS SANTOS','SERVENTE DE OBRAS','ATIVO','2026-06-22 14:29:54',NULL,NULL,NULL,NULL,NULL,NULL,NULL,NULL),(111,'1568','ODAIR GOMES DA SILVA JUNIOR','SERVENTE DE OBRAS','ATIVO','2026-06-22 14:29:54',NULL,NULL,NULL,NULL,NULL,NULL,NULL,NULL),(112,'1672','PERCIVAL DELFINO','MOTORISTA CAMINHAO','ATIVO','2026-06-22 14:29:54',NULL,NULL,NULL,NULL,NULL,NULL,NULL,NULL),(113,'1676','PETERSON DO NASCIMENTO','ENCARREGADO DE MOTORISTA PUXADOR DE GUIA','ATIVO','2026-06-22 14:29:54',NULL,NULL,NULL,NULL,NULL,NULL,NULL,NULL),(114,'1102','RAIMUNDO LIMA DOS SANTOS','MOTORISTA CAMINHAO','ATIVO','2026-06-22 14:29:54',NULL,NULL,NULL,NULL,NULL,NULL,NULL,NULL),(115,'1083','RENATO MAXIMINE FERREIRA SOARES','SERVENTE DE OBRAS','ATIVO','2026-06-22 14:29:54',NULL,NULL,NULL,NULL,NULL,NULL,NULL,NULL),(116,'1531','RENER BARRETO','INSTALADOR DE PLACAS','ATIVO','2026-06-22 14:29:54',NULL,NULL,NULL,NULL,NULL,NULL,NULL,NULL),(117,'1497','RIVELINO VIEIRA CARDOSO','ENCARREGADO DE MOTORISTA PUXADOR DE GUIA','ATIVO','2026-06-22 14:29:54',NULL,NULL,NULL,NULL,NULL,NULL,NULL,NULL),(118,'1426','RODNEY GONCALVES VIEIRA','INSTALADOR DE PLACAS','ATIVO','2026-06-22 14:29:54',NULL,NULL,NULL,NULL,NULL,NULL,NULL,NULL),(119,'1541','RODRIGO APARECIDO LOUREIRO DA SILVA','MOTORISTA','ATIVO','2026-06-22 14:29:54',NULL,NULL,NULL,NULL,NULL,NULL,NULL,NULL),(120,'1641','RODRIGO DE PAULO MENDES','SERVENTE DE OBRAS','ATIVO','2026-06-22 14:29:54',NULL,NULL,NULL,NULL,NULL,NULL,NULL,NULL),(121,'489','ROGERIO APARECIDO CRUZ','MOTORISTA ENCARREGADO PUXADOR DE GUIA','ATIVO','2026-06-22 14:29:54',NULL,NULL,NULL,NULL,NULL,NULL,NULL,NULL),(122,'1693','RONALD RUAN SALDANHA DA SILVA','OPERADOR DE PINTURA','ATIVO','2026-06-22 14:29:54',NULL,NULL,NULL,NULL,NULL,NULL,NULL,NULL),(123,'1322','THIAGO CESAR GONCALVES','OPERADOR DE PINTURA','ATIVO','2026-06-22 14:29:54',NULL,NULL,NULL,NULL,NULL,NULL,NULL,NULL),(124,'1633','TONI RICHARDS DOS SANTOS HONORATO','SERVENTE DE OBRAS','ATIVO','2026-06-22 14:29:54',NULL,NULL,NULL,NULL,NULL,NULL,NULL,NULL),(125,'1655','VAGNER SANTIAGO TORRES','SERVENTE DE OBRAS','ATIVO','2026-06-22 14:29:54',NULL,NULL,NULL,NULL,NULL,NULL,NULL,NULL),(126,'533','VALTER DIAS SILVA','ENCARREGADO VERTICAL','ATIVO','2026-06-22 14:29:54',NULL,NULL,NULL,NULL,NULL,NULL,NULL,NULL),(127,'988','VANDERLEI ALEXANDRE DA SILVA JUNIOR','OPERADOR DE PINTURA','ATIVO','2026-06-22 14:29:54',NULL,NULL,NULL,NULL,NULL,NULL,NULL,NULL),(128,'1691','VINICIUS BATISTA DE FREITAS','SERVENTE DE OBRAS','ATIVO','2026-06-22 14:29:54',NULL,NULL,NULL,NULL,NULL,NULL,NULL,NULL),(129,'1483','WARLEY FERREIRA MIRANDA','SERVENTE DE OBRAS','ATIVO','2026-06-22 14:29:54',NULL,NULL,NULL,NULL,NULL,NULL,NULL,NULL),(130,'1670','WILLIAN DO NASCIMENTO DA SILVA','SERVENTE DE OBRAS','ATIVO','2026-06-22 14:29:54',NULL,NULL,NULL,NULL,NULL,NULL,NULL,NULL),(131,'1333','YAGO DE OLIVEIRA VARELA','ENCARREGADO DE OBRAS','ATIVO','2026-06-22 14:29:54',NULL,NULL,NULL,NULL,NULL,NULL,NULL,NULL),(132,'146','EDIVALDO BASILIO','MOTORISTA ENCARREGADO PUXADOR DE GUIA','ATIVO','2026-06-22 14:29:54',NULL,NULL,NULL,NULL,NULL,NULL,NULL,NULL),(133,'1505','MAURICIO DA CRUZ SOUZA','OPERADOR DE PINTURA','ATIVO','2026-06-22 14:29:54',NULL,NULL,NULL,NULL,NULL,NULL,NULL,NULL),(134,'346','ANTONIO MARCOS PORTO','SERVENTE DE OBRAS','ATIVO','2026-06-22 14:29:54',NULL,NULL,NULL,NULL,NULL,NULL,NULL,NULL),(135,'743','MARIO DE PAULA ROCHA','SERVENTE DE OBRAS','ATIVO','2026-06-22 14:29:54',NULL,NULL,NULL,NULL,NULL,NULL,NULL,NULL),(136,'1555','NIVALDO ALMEIDA','SERVENTE DE OBRAS','ATIVO','2026-06-22 14:29:54',NULL,NULL,NULL,NULL,NULL,NULL,NULL,NULL),(137,'1658','DANILO DE JESUS LIMA','SERVENTE DE OBRAS','ATIVO','2026-06-22 14:29:54',NULL,NULL,NULL,NULL,NULL,NULL,NULL,NULL),(138,'1131','WILLIAN SEVERINO VIEIRA','MOTORISTA ENCARREGADO','ATIVO','2026-06-22 14:29:54',NULL,NULL,NULL,NULL,NULL,NULL,NULL,NULL),(139,'1213','UEDER PAULA MARQUES JUNIOR','SERVENTE DE OBRAS','ATIVO','2026-06-22 14:29:54',NULL,NULL,NULL,NULL,NULL,NULL,NULL,NULL),(140,'1659','KAYO LUIZ DOS SANTOS BASTOS','SERVENTE DE OBRAS','ATIVO','2026-06-22 14:29:54',NULL,NULL,NULL,NULL,NULL,NULL,NULL,NULL),(141,'1270','IRAN PEREIRA DE ALMEIDA','SERVENTE DE OBRAS','ATIVO','2026-06-22 14:29:54',NULL,NULL,NULL,NULL,NULL,NULL,NULL,NULL),(142,'1051','FRANCISCO RENILDO CONSTANCIO DA SILVA AZEVEDO','SERVENTE DE OBRAS','ATIVO','2026-06-22 14:29:54',NULL,NULL,NULL,NULL,NULL,NULL,NULL,NULL),(143,'1057','OSIRES VIEIRA PEREIRA','SERVENTE DE OBRAS','ATIVO','2026-06-22 14:29:54',NULL,NULL,NULL,NULL,NULL,NULL,NULL,NULL),(144,'1153','WALLYSON CICERO DA SILVA','SERVENTE DE OBRAS','ATIVO','2026-06-22 14:29:54',NULL,NULL,NULL,NULL,NULL,NULL,NULL,NULL),(145,'1000','ANTONIO CARLOS DE JESUS DA CONCEIÇÃO','SERVENTE DE OBRAS','ATIVO','2026-06-22 14:29:54',NULL,NULL,NULL,NULL,NULL,NULL,NULL,NULL),(146,'406','VINICIUS RYAN DORNELES BORGES','SERVENTE DE OBRAS','ATIVO','2026-06-22 14:29:54',NULL,NULL,NULL,NULL,NULL,NULL,NULL,NULL),(147,'4','JOSE TANIVALDO BASILIO','MOTORISTA OPERADOR','ATIVO','2026-06-22 14:29:54',NULL,NULL,NULL,NULL,NULL,NULL,NULL,NULL),(148,'224','NIVALDO WELINGTON BASILIO','OPERADOR DE PINTURA','ATIVO','2026-06-22 14:29:54',NULL,NULL,NULL,NULL,NULL,NULL,NULL,NULL),(149,'1565','HIAGO DOS SANTOS JACINTO ROQUE','SERVENTE DE OBRAS','ATIVO','2026-06-22 14:29:54',NULL,NULL,NULL,NULL,NULL,NULL,NULL,NULL),(150,'1208','DANILO DO PRADO DE OLIVEIRA','SERVENTE DE OBRAS','ATIVO','2026-06-22 14:29:54',NULL,NULL,NULL,NULL,NULL,NULL,NULL,NULL),(151,'1583','ENRIQUE LOPES LOURENCO','SERVENTE DE OBRAS','ATIVO','2026-06-22 14:29:54',NULL,NULL,NULL,NULL,NULL,NULL,NULL,NULL),(152,'1475','EDNEI DOS SANTOS MODESTO','MOTORISTA ENCARREGADO','ATIVO','2026-06-22 14:29:54',NULL,NULL,NULL,NULL,NULL,NULL,NULL,NULL),(153,'1582','RONALDO VIEIRA SOARES','SERVENTE DE OBRAS','ATIVO','2026-06-22 14:29:54',NULL,NULL,NULL,NULL,NULL,NULL,NULL,NULL),(154,'1636','OSMAN JOSE CARNEIRO DOS SANTOS','SERVENTE DE OBRAS','ATIVO','2026-06-22 14:29:54',NULL,NULL,NULL,NULL,NULL,NULL,NULL,NULL),(155,'242','LUIZ HENRIQUE SANTOS MENDES DA SILVA','OPERADOR DE PINTURA JR','ATIVO','2026-06-22 14:29:54',NULL,NULL,NULL,NULL,NULL,NULL,NULL,NULL),(156,'1216','JOSE JEFFERSON DA SILVA','SERVENTE DE OBRAS','ATIVO','2026-06-22 14:29:54',NULL,NULL,NULL,NULL,NULL,NULL,NULL,NULL),(157,'1134','FERNANDO DOS SANTOS CAMARGOS','MOTORISTA ENCARREGADO','ATIVO','2026-06-22 14:29:54',NULL,NULL,NULL,NULL,NULL,NULL,NULL,NULL),(158,'1554','WESLEM ALVES BARBOSA','SERVENTE DE OBRAS','ATIVO','2026-06-22 14:29:54',NULL,NULL,NULL,NULL,NULL,NULL,NULL,NULL),(159,'1496','EDVAN RODRIGUES DA SILVA MOURA','SERVENTE DE OBRAS','ATIVO','2026-06-22 14:29:54',NULL,NULL,NULL,NULL,NULL,NULL,NULL,NULL),(160,'1643','ANTONIO GABRIEL FONSECA SILVA','SERVENTE DE OBRAS','ATIVO','2026-06-22 14:29:54',NULL,NULL,NULL,NULL,NULL,NULL,NULL,NULL),(161,'1429','FABIANO ANTONIO LIMA DE OLIVEIRA','MOTORISTA ENCARREGADO','ATIVO','2026-06-22 14:29:54',NULL,NULL,NULL,NULL,NULL,NULL,NULL,NULL),(162,'1344','IGOR LUCAS BORGES DE OLIVEIRA','SERVENTE DE OBRAS','ATIVO','2026-06-22 14:29:54',NULL,NULL,NULL,NULL,NULL,NULL,NULL,NULL),(163,'1302','GUSTAVO RIBEIRO FRANCISCO DE ASSIS','SERVENTE DE OBRAS','ATIVO','2026-06-22 14:29:54',NULL,NULL,NULL,NULL,NULL,NULL,NULL,NULL),(164,'1073','JOAO EMANUEL DA SILVA CARVALHO','MOTORISTA','ATIVO','2026-06-22 14:29:54',NULL,NULL,NULL,NULL,NULL,NULL,NULL,NULL),(165,'1403','ANDERSON CARDOSO SILVA','MOTORISTA ENCARREGADO','ATIVO','2026-06-22 14:29:54',NULL,NULL,NULL,NULL,NULL,NULL,NULL,NULL),(166,'1386','GABRIEL DE SOUZA AZEVEDO GOMES','MOTORISTA CAMINHAO','ATIVO','2026-06-22 14:29:54',NULL,NULL,NULL,NULL,NULL,NULL,NULL,NULL),(167,'1387','MARCO AURELIO DA SILVA BARCELLOS','MOTORISTA INSTALADOR','ATIVO','2026-06-22 14:29:54',NULL,NULL,NULL,NULL,NULL,NULL,NULL,NULL),(168,'1388','EVERALDO NASCIMENTO VIEIRA','INSTALADOR DE PLACAS','ATIVO','2026-06-22 14:29:54',NULL,NULL,NULL,NULL,NULL,NULL,NULL,NULL),(169,'1385','GABRIEL MARLON DOS SANTOS SILVA CARVALHO','INSTALADOR DE PLACAS','ATIVO','2026-06-22 14:29:54',NULL,NULL,NULL,NULL,NULL,NULL,NULL,NULL),(170,'1470','LIVIO PINHEIRO RIBEIRO','ENCARREGADO VERTICAL','ATIVO','2026-06-22 14:29:54',NULL,NULL,NULL,NULL,NULL,NULL,NULL,NULL),(171,'1384','VICTOR HUGO PEREIRA DE SOUZA AUGUSTO','INSTALADOR DE PLACAS','ATIVO','2026-06-22 14:29:54',NULL,NULL,NULL,NULL,NULL,NULL,NULL,NULL),(172,'1469','GUSTAVO NASCIMENTO ZERBONI','INSTALADOR DE PLACAS','ATIVO','2026-06-22 14:29:54',NULL,NULL,NULL,NULL,NULL,NULL,NULL,NULL),(173,'1390','NICOLAS PAIVA CARDOSO SILVA','INSTALADOR DE PLACAS','ATIVO','2026-06-22 14:29:54',NULL,NULL,NULL,NULL,NULL,NULL,NULL,NULL),(174,'1402','MATHEUS DA SILVA FERREIRA','INSTALADOR DE PLACAS','ATIVO','2026-06-22 14:29:54',NULL,NULL,NULL,NULL,NULL,NULL,NULL,NULL),(175,'1422','MARCO ANTONIO PEREIRA DA CUNHA','INSTALADOR DE PLACAS','ATIVO','2026-06-22 14:29:54',NULL,NULL,NULL,NULL,NULL,NULL,NULL,NULL),(176,'1419','SAMUEL PEREIRA DA CUNHA','ENCARREGADO DE MOTORISTA PUXADOR DE GUIA','ATIVO','2026-06-22 14:29:54',NULL,NULL,NULL,NULL,NULL,NULL,NULL,NULL),(177,'1574','CESAR JUNIOR BARBOSA SILVA','SERVENTE DE OBRAS','ATIVO','2026-06-22 14:29:54',NULL,NULL,NULL,NULL,NULL,NULL,NULL,NULL),(178,'1289','ANDRE LUIZ DE CASTRO DE OLIVEIRA','SERVENTE DE OBRAS','ATIVO','2026-06-22 14:29:54',NULL,NULL,NULL,NULL,NULL,NULL,NULL,NULL),(179,'1435','PAULO CESAR NUNES DE CASTRO','INSTALADOR DE PLACAS','ATIVO','2026-06-22 14:29:54',NULL,NULL,NULL,NULL,NULL,NULL,NULL,NULL),(180,'878','FARLEI MARCELINO DOS SANTOS','SERVENTE DE OBRAS','ATIVO','2026-06-22 14:29:54',NULL,NULL,NULL,NULL,NULL,NULL,NULL,NULL),(181,'1606','STAEL QIODINE PIRAY','SERVENTE DE OBRAS','ATIVO','2026-06-22 14:29:54',NULL,NULL,NULL,NULL,NULL,NULL,NULL,NULL),(182,'1250','MAURICIO DE ANDRADE CARNEIRO','SERVENTE DE OBRAS','ATIVO','2026-06-22 14:29:54',NULL,NULL,NULL,NULL,NULL,NULL,NULL,NULL),(183,'847','JO MURILO FERREIRA FONTOURA','MOTORISTA INSTALADOR','ATIVO','2026-06-22 14:29:54',NULL,NULL,NULL,NULL,NULL,NULL,NULL,NULL),(184,'1627','GABRIEL DA SILVA CAMPOS','SERVENTE DE OBRAS','ATIVO','2026-06-22 14:29:54',NULL,NULL,NULL,NULL,NULL,NULL,NULL,NULL),(185,'1626','LUIS FELIPE SANTIAGO RIBEIRO','SERVENTE DE OBRAS','ATIVO','2026-06-22 14:29:54',NULL,NULL,NULL,NULL,NULL,NULL,NULL,NULL),(186,'1625','EDUARDO HENRIQUE SILVA DE SOUZA','SERVENTE DE OBRAS','ATIVO','2026-06-22 14:29:54',NULL,NULL,NULL,NULL,NULL,NULL,NULL,NULL),(187,'1518','GIOVANE INACIO DE SOUZA','MOTORISTA ENCARREGADO PUXADOR DE GUIA','ATIVO','2026-06-22 14:29:54',NULL,NULL,NULL,NULL,NULL,NULL,NULL,NULL),(188,'1510','VINICIUS BRAZ DA SILVA','OPERADOR DE PINTURA','ATIVO','2026-06-22 14:29:54',NULL,NULL,NULL,NULL,NULL,NULL,NULL,NULL),(189,'1513','ZENILTON EVANGELINO DE SOUZA','SERVENTE DE OBRAS','ATIVO','2026-06-22 14:29:54',NULL,NULL,NULL,NULL,NULL,NULL,NULL,NULL),(190,'1512','THALES DA SILVA E SILVA','SERVENTE DE OBRAS','ATIVO','2026-06-22 14:29:54',NULL,NULL,NULL,NULL,NULL,NULL,NULL,NULL),(191,'1515','FELIPE AUGUSTO SANTA RITA DE SOUZA','SERVENTE DE OBRAS','ATIVO','2026-06-22 14:29:54',NULL,NULL,NULL,NULL,NULL,NULL,NULL,NULL),(192,'1506','DIEGO FONTES BATISTA','SERVENTE DE OBRAS','ATIVO','2026-06-22 14:29:54',NULL,NULL,NULL,NULL,NULL,NULL,NULL,NULL),(193,'1616','MATHEUS HELIO ARAUJO','SERVENTE DE OBRAS','ATIVO','2026-06-22 14:29:54',NULL,NULL,NULL,NULL,NULL,NULL,NULL,NULL),(194,'1521','JOSEMAR INACIO DE SOUZA','MOTORISTA ENCARREGADO PUXADOR DE GUIA','ATIVO','2026-06-22 14:29:54',NULL,NULL,NULL,NULL,NULL,NULL,NULL,NULL),(195,'1511','RICARDO RODRIGUES DOS SANTOS','OPERADOR DE PINTURA','ATIVO','2026-06-22 14:29:54',NULL,NULL,NULL,NULL,NULL,NULL,NULL,NULL),(196,'1516','JOSIAS GOMES BARBOSA','SERVENTE DE OBRAS','ATIVO','2026-06-22 14:29:54',NULL,NULL,NULL,NULL,NULL,NULL,NULL,NULL),(197,'1508','VITOR COSTA FERREIRA','SERVENTE DE OBRAS','ATIVO','2026-06-22 14:29:54',NULL,NULL,NULL,NULL,NULL,NULL,NULL,NULL),(198,'1564','MATHEUS ARAUJO DE SANTANA','SERVENTE DE OBRAS','ATIVO','2026-06-22 14:29:54',NULL,NULL,NULL,NULL,NULL,NULL,NULL,NULL),(199,'1507','LUCAS INACIO FELIX','SERVENTE DE OBRAS','ATIVO','2026-06-22 14:29:54',NULL,NULL,NULL,NULL,NULL,NULL,NULL,NULL),(200,'1509','WESLEY SILVA DE ALMEIDA FELIX','SERVENTE DE OBRAS','ATIVO','2026-06-22 14:29:54',NULL,NULL,NULL,NULL,NULL,NULL,NULL,NULL),(201,'1522','GEORGE ALBERTO NASCIMENTO DE SOUZA','MOTORISTA CAMINHAO','ATIVO','2026-06-22 14:29:54',NULL,NULL,NULL,NULL,NULL,NULL,NULL,NULL),(202,'1579','GABRIEL PEÇANHA PINTO','INSTALADOR DE PLACAS','ATIVO','2026-06-22 14:29:54',NULL,NULL,NULL,NULL,NULL,NULL,NULL,NULL),(203,'1586','ALEXSANDER TIMOTEO DE SOUSA','SERVENTE DE OBRAS','ATIVO','2026-06-22 14:29:54',NULL,NULL,NULL,NULL,NULL,NULL,NULL,NULL),(204,'1629','MATHEUS KAIO DE JESUS SOUZA SIMOES','SERVENTE DE OBRAS','ATIVO','2026-06-22 14:29:54',NULL,NULL,NULL,NULL,NULL,NULL,NULL,NULL),(205,'1624','ADRIANO COELHO DA SILVA LOPES','OPERADOR DE PINTURA','ATIVO','2026-06-25 11:40:07',NULL,NULL,NULL,NULL,NULL,NULL,NULL,NULL),(206,'755','ALIPIO SILVA SOUZA DE MORAES','OPERADOR DE PINTURA','ATIVO','2026-06-22 14:29:54',NULL,NULL,NULL,NULL,NULL,NULL,NULL,NULL),(207,'1597','PAULO SERGIO DE PAULA','SERVENTE DE OBRAS','ATIVO','2026-06-22 14:29:54',NULL,NULL,NULL,NULL,NULL,NULL,NULL,NULL),(208,'1587','FELIPE BARBOSA NOGUEIRA','SERVENTE DE OBRAS','ATIVO','2026-06-22 14:29:54',NULL,NULL,NULL,NULL,NULL,NULL,NULL,NULL),(209,'1573','GABRIEL ACIOLE CATARINOZE','SERVENTE DE OBRAS','ATIVO','2026-06-22 14:29:54',NULL,NULL,NULL,NULL,NULL,NULL,NULL,NULL),(210,'1630','ROMULO DA SILVA BARCELOS','SERVENTE DE OBRAS','ATIVO','2026-06-22 14:29:54',NULL,NULL,NULL,NULL,NULL,NULL,NULL,NULL),(211,'1373','EDINALDO RAMOS CARDOSO','MOTORISTA','ATIVO','2026-06-22 14:29:54',NULL,NULL,NULL,NULL,NULL,NULL,NULL,NULL),(212,'642','LEANDRO PEREIRA DE SOUZA','ENCARREGADO DE MOTORISTA PUXADOR DE GUIA','ATIVO','2026-06-22 14:29:54',NULL,NULL,NULL,NULL,NULL,NULL,NULL,NULL),(213,'954','GABRIEL DOS SANTOS ALVES COELHO','SERVENTE DE OBRAS','ATIVO','2026-06-22 14:29:54',NULL,NULL,NULL,NULL,NULL,NULL,NULL,NULL),(214,'1279','RAFAEL SANTOS SILVA','SERVENTE DE OBRAS','ATIVO','2026-06-22 14:29:54',NULL,NULL,NULL,NULL,NULL,NULL,NULL,NULL),(215,'1294','JUNIO SOARES MARTINS','SERVENTE DE OBRAS','ATIVO','2026-06-22 14:29:54',NULL,NULL,NULL,NULL,NULL,NULL,NULL,NULL),(216,'1581','JHONATA ELEOTERIO SOUZA','SERVENTE DE OBRAS','ATIVO','2026-06-22 14:29:54',NULL,NULL,NULL,NULL,NULL,NULL,NULL,NULL),(217,'581','ELIANDERSON FREITAS DE OLIVEIRA','MOTORISTA PUXADOR DE GUIA','ATIVO','2026-06-22 14:29:54',NULL,NULL,NULL,NULL,NULL,NULL,NULL,NULL),(218,'1536','FELIPE DA CRUZ SILVA','INSTALADOR DE PLACAS','ATIVO','2026-06-22 14:29:54',NULL,NULL,NULL,NULL,NULL,NULL,NULL,NULL),(219,'1528','MARCELO DA CRUZ SILVA','INSTALADOR DE PLACAS','ATIVO','2026-06-22 14:29:54',NULL,NULL,NULL,NULL,NULL,NULL,NULL,NULL),(220,'1617','LENNON VICTOR DE CASTRO SILVA','SERVENTE DE OBRAS','ATIVO','2026-06-22 14:29:54',NULL,NULL,NULL,NULL,NULL,NULL,NULL,NULL),(221,'1622','ADRIANO JOSE LOURENCO SALVIATO','SERVENTE DE OBRAS','ATIVO','2026-06-22 14:29:54',NULL,NULL,NULL,NULL,NULL,NULL,NULL,NULL),(222,'1623','HONORIO EUGENIO DE MATOS','MOTORISTA CAMINHAO','ATIVO','2026-06-22 14:29:54',NULL,NULL,NULL,NULL,NULL,NULL,NULL,NULL),(223,'1572','SANDOVAL TAVARES DOS SANTOS','SERVENTE DE OBRAS','ATIVO','2026-06-22 14:29:54',NULL,NULL,NULL,NULL,NULL,NULL,NULL,NULL),(224,'1421','CARLOS HENRIQUE ALVES','INSTALADOR DE PLACAS','ATIVO','2026-06-22 14:29:54',NULL,NULL,NULL,NULL,NULL,NULL,NULL,NULL),(225,'1487','GILBERTO PEREIRA DA SILVA','MOTORISTA CAMINHAO','ATIVO','2026-06-22 14:29:54',NULL,NULL,NULL,NULL,NULL,NULL,NULL,NULL),(226,'1116','ALTINO NUNES DE SOUZA NETO','ENCARREGADO DE OBRAS','ATIVO','2026-06-22 14:29:54',NULL,NULL,NULL,NULL,NULL,NULL,NULL,NULL),(227,'1352','ERNANI GOMES BALDAIA','MOTORISTA CAMINHAO','ATIVO','2026-06-22 14:29:54',NULL,NULL,NULL,NULL,NULL,NULL,NULL,NULL),(228,'1650','ROGERIO SOARES ZANIN','OPERADOR DE BATE-ESTACAS','ATIVO','2026-06-22 14:29:54',NULL,NULL,NULL,NULL,NULL,NULL,NULL,NULL),(229,'1642','JAIR DE ARAUJO BARROZO','SERVENTE DE OBRAS','ATIVO','2026-06-22 14:29:54',NULL,NULL,NULL,NULL,NULL,NULL,NULL,NULL),(230,'183','EVERTON ROBERTO DA SILVA','ENCARREGADO DE MOTORISTA PUXADOR DE GUIA','ATIVO','2026-06-22 14:29:54',NULL,NULL,NULL,NULL,NULL,NULL,NULL,NULL),(231,'169','JULIANO HERLON IVO','MOTORISTA','ATIVO','2026-06-22 14:29:54',NULL,NULL,NULL,NULL,NULL,NULL,NULL,NULL),(232,'1685','ALAN ESTEVES PADILHA','SERVENTE DE OBRAS','ATIVO','2026-06-22 14:29:54',NULL,NULL,NULL,NULL,NULL,NULL,NULL,NULL),(233,'1686','ALAN FERREIRA','SERVENTE DE OBRAS','ATIVO','2026-06-22 14:29:54',NULL,NULL,NULL,NULL,NULL,NULL,NULL,NULL),(234,'1679','YURI MALAQUIAS DA SILVA','SERVENTE DE OBRAS','ATIVO','2026-06-22 14:29:54',NULL,NULL,NULL,NULL,NULL,NULL,NULL,NULL),(235,'1695','ALEF DA SILVA FERNANDES','SERVENTE DE OBRAS','ATIVO','2026-06-22 14:29:54',NULL,NULL,NULL,NULL,NULL,NULL,NULL,NULL),(236,'1660','JORGE MESSIAS ARÃO','MOTORISTA CAMINHAO','ATIVO','2026-06-22 14:29:54',NULL,NULL,NULL,NULL,NULL,NULL,NULL,NULL),(237,'1677','UBIRAJARA SODRE SOARES','ENCARREGADO VERTICAL','ATIVO','2026-06-22 14:29:54',NULL,NULL,NULL,NULL,NULL,NULL,NULL,NULL),(238,'1696','ALESSANDRO PEREIRA DA SILVA','OPERADOR DE PINTURA','ATIVO','2026-06-22 14:29:54',NULL,NULL,NULL,NULL,NULL,NULL,NULL,NULL),(239,'1687','LEONAN BATISTA DE OLIVEIRA','MOTORISTA ENCARREGADO','ATIVO','2026-06-22 14:29:54',NULL,NULL,NULL,NULL,NULL,NULL,NULL,NULL),(240,'1681','WEDSON FARIAS DA SILVA','SERVENTE DE OBRAS','ATIVO','2026-06-22 14:29:54',NULL,NULL,NULL,NULL,NULL,NULL,NULL,NULL),(241,'1688','ALISSON DE OLIVEIRA DELAGO','SERVENTE DE OBRAS','ATIVO','2026-06-22 14:29:54',NULL,NULL,NULL,NULL,NULL,NULL,NULL,NULL),(242,'1684','FABIANO SIDES DA SILVA','SERVENTE DE OBRAS','ATIVO','2026-06-22 14:29:54',NULL,NULL,NULL,NULL,NULL,NULL,NULL,NULL),(243,'1674','GIBSON DE LIMA BAIA','ENCARREGADO DE MOTORISTA PUXADOR DE GUIA','ATIVO','2026-06-22 14:29:54',NULL,NULL,NULL,NULL,NULL,NULL,NULL,NULL),(244,'836','JEFFERSON DAS NEVES SANTOS','SERVENTE DE OBRAS','ATIVO','2026-06-22 14:29:54',NULL,NULL,NULL,NULL,NULL,NULL,NULL,NULL),(245,'1682','LEONARDO DAVANSO SOARES','SERVENTE DE OBRAS','ATIVO','2026-06-22 14:29:54',NULL,NULL,NULL,NULL,NULL,NULL,NULL,NULL),(246,'1645','LUCAS MOREIRA','OPERADOR DE PINTURA','ATIVO','2026-06-22 14:29:54',NULL,NULL,NULL,NULL,NULL,NULL,NULL,NULL),(247,'320','RONALDO ANTONIO DE GOES','OPERADOR DE MUNCK','ATIVO','2026-06-22 14:29:54',NULL,NULL,NULL,NULL,NULL,NULL,NULL,NULL),(248,'283','DIOGO VIEIRA SOARES','OPERADOR DE PINTURA','ATIVO','2026-06-22 14:29:54',NULL,NULL,NULL,NULL,NULL,NULL,NULL,NULL),(249,'693','WESLEY LUIS OLIVEIRA DA SILVA','INSTALADOR DE PLACAS','ATIVO','2026-06-22 14:29:54',NULL,NULL,NULL,NULL,NULL,NULL,NULL,NULL),(250,'1640','LUIZ VALTER LOPES VIEIRA','ENCARREGADO DE OBRAS','ATIVO','2026-06-22 14:29:54',NULL,NULL,NULL,NULL,NULL,NULL,NULL,NULL),(251,'415','SERGIO BATISTA LOPES','MOTORISTA','ATIVO','2026-06-22 14:29:54',NULL,NULL,NULL,NULL,NULL,NULL,NULL,NULL),(252,'568','ANGELO ROBERTO MARTINS','OPERADOR DE PINTURA JR','ATIVO','2026-06-22 14:29:54',NULL,NULL,NULL,NULL,NULL,NULL,NULL,NULL),(253,'1656','CARLOS AUGUSTO FERREIRA DE SOUZA','MOTORISTA CAMINHAO','ATIVO','2026-06-22 14:29:54',NULL,NULL,NULL,NULL,NULL,NULL,NULL,NULL),(254,'1689','EDIANO TELES','SERVENTE DE OBRAS','ATIVO','2026-06-22 14:29:54',NULL,NULL,NULL,NULL,NULL,NULL,NULL,NULL),(255,'1667','EMANUEL OLIVEIRA DA SILVA','SERVENTE DE OBRAS','ATIVO','2026-06-22 14:29:54',NULL,NULL,NULL,NULL,NULL,NULL,NULL,NULL),(256,'254','IURY DA SILVA SANTOS','SERVENTE DE OBRAS','ATIVO','2026-06-22 14:29:54',NULL,NULL,NULL,NULL,NULL,NULL,NULL,NULL),(257,'1690','KAIO CARLOS DEL CASTILHO SILVA MATHIAS','SERVENTE DE OBRAS','ATIVO','2026-06-22 14:29:54',NULL,NULL,NULL,NULL,NULL,NULL,NULL,NULL),(258,'1549','NICOLAS ORIGUELA MENEZES BADINI','SERVENTE DE OBRAS','ATIVO','2026-06-22 14:29:54',NULL,NULL,NULL,NULL,NULL,NULL,NULL,NULL),(259,'1657','PAULO MARTINS RODRIGUES','SERVENTE DE OBRAS','ATIVO','2026-06-22 14:29:54',NULL,NULL,NULL,NULL,NULL,NULL,NULL,NULL),(260,'1675','SERGIO AUGUSTO PEREIRA','SERVENTE DE OBRAS','ATIVO','2026-06-22 14:29:54',NULL,NULL,NULL,NULL,NULL,NULL,NULL,NULL),(262,'er','teste','wer','INTEGRAÇÃO PENDENTE','2026-06-22 17:24:47',NULL,NULL,NULL,NULL,NULL,NULL,NULL,NULL),(263,'teste','teste','teste','ATIVO','2026-06-23 17:09:58',NULL,NULL,NULL,NULL,NULL,NULL,NULL,NULL),(264,'testee','testee','testee','INTEGRAÇÃO PENDENTE','2026-06-23 17:10:12',NULL,NULL,NULL,NULL,NULL,NULL,NULL,NULL),(265,'123','jefferson','diretor','INTEGRAÇÃO PENDENTE','2026-06-23 17:12:40',NULL,NULL,NULL,NULL,NULL,NULL,NULL,NULL),(266,'7777','maria','rh','ATIVO','2026-06-23 17:20:31',NULL,NULL,NULL,NULL,NULL,NULL,NULL,NULL),(268,'12309908','Pedro Yukio Sasakidd','tesssee','ATIVO','2026-06-24 17:36:43','73853569668','35999777777','43','G',44,NULL,NULL,NULL),(269,'12323213','Pedro Yukio Sasakidd','tesssee','ATIVO','2026-06-24 17:40:48','73853569668','35999777777','43','G',30,NULL,NULL,NULL),(275,'12344','roberto carlos','cantor','ATIVO','2026-06-24 17:57:59','13785191677','3599977766','43','G',43,NULL,NULL,NULL),(278,'64664','roberto carlos hasih','cantor','ATIVO','2026-06-24 18:09:30','04962707612','35999777663','43','G',44,NULL,NULL,NULL),(279,'838934829','roberto carlos sdf','tesssee','ATIVO','2026-06-24 18:13:11','04962707612','35999777663','43','G',33,NULL,NULL,NULL),(280,'213213','ewrwer','tesssee','ATIVO','2026-06-24 18:17:12','23543534543','35999777663','43','G',45,NULL,NULL,NULL),(281,'8324892','tim maia','cantor','ATIVO','2026-06-24 18:19:11','21389712898','35999777663','43','G',45,NULL,NULL,NULL),(283,'2313','tim maia','234','ATIVO','2026-06-24 18:20:16','12431241234','12312412412','43','G',45,NULL,NULL,NULL),(284,'4444','ievert','q34','ATIVO','2026-06-24 18:45:15','89734892374','23843289748','43','G',44,NULL,NULL,NULL),(285,'qwhe\'','gwyeqge','324','ATIVO','2026-06-25 10:53:47','23042304032','01293012943','43','G',44,NULL,NULL,NULL),(286,'8932y48','kelllejn ajsidjf','cantora','INTEGRAÇÃO PENDENTE','2026-06-24 19:44:34','32847892374','23847983274','44','gg',45,NULL,NULL,NULL),(287,'23904823','lalla','motorista','ATIVO','2026-06-25 10:57:57','23948783297','89324832847','43','G',34,'2026-06-25','2026-06-26','2026-06-25');
/*!40000 ALTER TABLE `funcionarios` ENABLE KEYS */;
UNLOCK TABLES;

--
-- Table structure for table `gestor_funcionarios`
--

DROP TABLE IF EXISTS `gestor_funcionarios`;
/*!40101 SET @saved_cs_client     = @@character_set_client */;
/*!50503 SET character_set_client = utf8mb4 */;
CREATE TABLE `gestor_funcionarios` (
  `id` int(11) NOT NULL AUTO_INCREMENT,
  `id_usuario` int(11) NOT NULL,
  `id_funcionario` int(11) NOT NULL,
  `id_obra` int(11) NOT NULL,
  `data_inicio` datetime NOT NULL DEFAULT current_timestamp(),
  `data_fim` datetime DEFAULT NULL,
  `id_usuario_alteracao` int(11) NOT NULL,
  PRIMARY KEY (`id`),
  UNIQUE KEY `unique_vinculo` (`id_usuario`,`id_funcionario`),
  KEY `id_funcionario` (`id_funcionario`),
  CONSTRAINT `gestor_funcionarios_ibfk_1` FOREIGN KEY (`id_usuario`) REFERENCES `usuarios_sistema` (`id`) ON DELETE CASCADE,
  CONSTRAINT `gestor_funcionarios_ibfk_2` FOREIGN KEY (`id_funcionario`) REFERENCES `funcionarios` (`id`) ON DELETE CASCADE
) ENGINE=InnoDB AUTO_INCREMENT=310 DEFAULT CHARSET=utf8mb4 COLLATE=utf8mb4_general_ci;
/*!40101 SET character_set_client = @saved_cs_client */;

--
-- Dumping data for table `gestor_funcionarios`
--

LOCK TABLES `gestor_funcionarios` WRITE;
/*!40000 ALTER TABLE `gestor_funcionarios` DISABLE KEYS */;
/*!40000 ALTER TABLE `gestor_funcionarios` ENABLE KEYS */;
UNLOCK TABLES;

--
-- Table structure for table `gestor_obras`
--

DROP TABLE IF EXISTS `gestor_obras`;
/*!40101 SET @saved_cs_client     = @@character_set_client */;
/*!50503 SET character_set_client = utf8mb4 */;
CREATE TABLE `gestor_obras` (
  `id` int(11) NOT NULL AUTO_INCREMENT,
  `id_usuario` int(11) NOT NULL,
  `id_obra` int(11) NOT NULL,
  PRIMARY KEY (`id`),
  UNIQUE KEY `id_usuario` (`id_usuario`,`id_obra`),
  KEY `fk_gestor_obras_usuario_idx` (`id_usuario`),
  KEY `fk_gestor_obras_obra_idx` (`id_obra`),
  CONSTRAINT `fk_gestor_obras_obra` FOREIGN KEY (`id_obra`) REFERENCES `obras` (`id`) ON DELETE CASCADE ON UPDATE CASCADE,
  CONSTRAINT `fk_gestor_obras_usuario` FOREIGN KEY (`id_usuario`) REFERENCES `usuarios_sistema` (`id`) ON DELETE CASCADE ON UPDATE CASCADE
) ENGINE=InnoDB AUTO_INCREMENT=153 DEFAULT CHARSET=utf8mb4 COLLATE=utf8mb4_general_ci;
/*!40101 SET character_set_client = @saved_cs_client */;

--
-- Dumping data for table `gestor_obras`
--

LOCK TABLES `gestor_obras` WRITE;
/*!40000 ALTER TABLE `gestor_obras` DISABLE KEYS */;
INSERT INTO `gestor_obras` VALUES (64,1,1),(59,1,2),(60,1,3),(61,1,4),(57,1,5),(63,1,6),(56,1,7),(62,1,8),(58,1,9);
/*!40000 ALTER TABLE `gestor_obras` ENABLE KEYS */;
UNLOCK TABLES;

--
-- Table structure for table `integracoes_funcionarios`
--

DROP TABLE IF EXISTS `integracoes_funcionarios`;
/*!40101 SET @saved_cs_client     = @@character_set_client */;
/*!50503 SET character_set_client = utf8mb4 */;
CREATE TABLE `integracoes_funcionarios` (
  `id` int(11) NOT NULL AUTO_INCREMENT,
  `id_funcionario` int(11) NOT NULL,
  `data_documentos_sst` date DEFAULT NULL,
  `data_enviados` date DEFAULT NULL,
  `data_recebidos` date DEFAULT NULL,
  `data_postado_bex` date DEFAULT NULL,
  `data_analise` date DEFAULT NULL,
  `data_integracao_agendada` date DEFAULT NULL,
  `data_integracao` date DEFAULT NULL,
  `criado_em` timestamp NOT NULL DEFAULT current_timestamp(),
  `atualizado_em` timestamp NOT NULL DEFAULT current_timestamp() ON UPDATE current_timestamp(),
  PRIMARY KEY (`id`),
  KEY `id_funcionario` (`id_funcionario`),
  CONSTRAINT `integracoes_funcionarios_ibfk_1` FOREIGN KEY (`id_funcionario`) REFERENCES `funcionarios` (`id`) ON DELETE CASCADE
) ENGINE=InnoDB AUTO_INCREMENT=6 DEFAULT CHARSET=utf8mb4 COLLATE=utf8mb4_general_ci;
/*!40101 SET character_set_client = @saved_cs_client */;

--
-- Dumping data for table `integracoes_funcionarios`
--

LOCK TABLES `integracoes_funcionarios` WRITE;
/*!40000 ALTER TABLE `integracoes_funcionarios` DISABLE KEYS */;
INSERT INTO `integracoes_funcionarios` VALUES (1,285,'2026-06-24','2026-06-25','2026-06-25','2026-06-25','2026-06-25','2026-06-25','2026-06-25','2026-06-24 19:10:35','2026-06-25 10:53:47'),(2,286,'2026-06-24',NULL,NULL,NULL,NULL,NULL,NULL,'2026-06-24 19:44:34','2026-06-24 19:44:47'),(3,287,'2026-06-25','2026-06-25','2026-06-25','2026-07-02','2026-07-02','2026-07-02','2026-07-02','2026-06-25 10:28:14','2026-06-25 10:57:57'),(4,205,'2026-06-25','2026-06-25','2026-06-25','2026-06-25','2026-06-25','2026-06-25','2026-06-25','2026-06-25 11:40:07','2026-06-25 11:40:07'),(5,265,'2026-06-26','2026-06-26','2026-06-26',NULL,NULL,NULL,NULL,'2026-06-26 15:25:38','2026-06-26 15:25:38');
/*!40000 ALTER TABLE `integracoes_funcionarios` ENABLE KEYS */;
UNLOCK TABLES;

--
-- Table structure for table `materiais`
--

DROP TABLE IF EXISTS `materiais`;
/*!40101 SET @saved_cs_client     = @@character_set_client */;
/*!50503 SET character_set_client = utf8mb4 */;
CREATE TABLE `materiais` (
  `id` int(11) NOT NULL AUTO_INCREMENT,
  `descricao` varchar(150) NOT NULL,
  `unidade_medida` varchar(20) NOT NULL,
  `quantidade_atual` int(11) DEFAULT 0,
  PRIMARY KEY (`id`)
) ENGINE=InnoDB AUTO_INCREMENT=21 DEFAULT CHARSET=utf8mb4 COLLATE=utf8mb4_general_ci;
/*!40101 SET character_set_client = @saved_cs_client */;

--
-- Dumping data for table `materiais`
--

LOCK TABLES `materiais` WRITE;
/*!40000 ALTER TABLE `materiais` DISABLE KEYS */;
INSERT INTO `materiais` VALUES (1,'Tinta Amarela','Balde',0),(2,'Tinta Azul','Balde',0),(3,'Tinta Branca','Balde',0),(4,'Tinta Preta','Balde',0),(5,'Tinta Vermelha','Balde',0),(6,'Estrudado','Saco',0),(7,'Spray Amarela','Saco',0),(8,'Spray Azul','Saco',0),(9,'Spray Branca','Saco',0),(10,'Spray Preta','Saco',0),(11,'Spray Vermelha','Saco',0),(12,'Plástico a Frio Amarela','Balde',0),(13,'Plástico a Frio Azul','Balde',0),(14,'Plástico a Frio Branca','Balde',0),(15,'Plástico a Frio Preta','Balde',0),(16,'Plástico a Frio Vermelha','Balde',0),(17,'Microesfera IIA','Saco',0),(18,'Microesfera IIC','Saco',0),(19,'Premix (1B)','Saco',0),(20,'Tacha','Unidade',0);
/*!40000 ALTER TABLE `materiais` ENABLE KEYS */;
UNLOCK TABLES;

--
-- Table structure for table `obras`
--

DROP TABLE IF EXISTS `obras`;
/*!40101 SET @saved_cs_client     = @@character_set_client */;
/*!50503 SET character_set_client = utf8mb4 */;
CREATE TABLE `obras` (
  `id` int(11) NOT NULL AUTO_INCREMENT,
  `codigo_obra` varchar(30) DEFAULT NULL,
  `nome_obra` varchar(150) NOT NULL,
  `status` enum('ATIVA','INATIVA') DEFAULT 'ATIVA',
  `criado_em` timestamp NOT NULL DEFAULT current_timestamp(),
  `tipo_obra` varchar(50) DEFAULT 'PRODUTIVA',
  PRIMARY KEY (`id`),
  UNIQUE KEY `codigo_obra` (`codigo_obra`)
) ENGINE=InnoDB AUTO_INCREMENT=16 DEFAULT CHARSET=utf8mb4 COLLATE=utf8mb4_general_ci;
/*!40101 SET character_set_client = @saved_cs_client */;

--
-- Dumping data for table `obras`
--

LOCK TABLES `obras` WRITE;
/*!40000 ALTER TABLE `obras` DISABLE KEYS */;
INSERT INTO `obras` VALUES (1,'6','EPR TRIÂNGULO - CT 14.23 - V','ATIVA','2026-06-12 12:03:05','PRODUTIVA'),(2,'14','EPR SUL DE MINAS - CT 55.24 - H','ATIVA','2026-06-12 12:03:05','PRODUTIVA'),(3,'19','ECOVIAS IMIGRANTES - CT5159 - H','ATIVA','2026-06-12 12:03:05','PRODUTIVA'),(4,'22','ECOVIAS CERRADO - CT 5450 - H','ATIVA','2026-06-12 12:03:05','PRODUTIVA'),(5,'111','[31] EPR TRIÂNGULO - CT 14.23 - Vhhh','ATIVA','2026-06-15 14:30:58','PRODUTIVA'),(6,'4','[18] EPR SUL DE MINAS - CT 55.24 - H','ATIVA','2026-06-15 14:49:10','PRODUTIVA'),(7,'1','madureira','ATIVA','2026-06-15 19:30:34','PRODUTIVA'),(8,'3','bahia','ATIVA','2026-06-15 19:30:45','PRODUTIVA'),(9,'12','minas gerais','INATIVA','2026-06-17 13:21:12','PRODUTIVA'),(12,'123','123we','ATIVA','2026-06-19 18:49:59','PRODUTIVA'),(13,'100','congonhal gg','ATIVA','2026-06-23 14:22:36','ADMINISTRATIVA'),(14,'55','nova holanda','ATIVA','2026-06-23 17:12:03','PRODUTIVA'),(15,'345','pouso alegre d','ATIVA','2026-06-23 17:18:52','ADMINISTRATIVA');
/*!40000 ALTER TABLE `obras` ENABLE KEYS */;
UNLOCK TABLES;

--
-- Table structure for table `presencas`
--

DROP TABLE IF EXISTS `presencas`;
/*!40101 SET @saved_cs_client     = @@character_set_client */;
/*!50503 SET character_set_client = utf8mb4 */;
CREATE TABLE `presencas` (
  `id` int(11) NOT NULL AUTO_INCREMENT,
  `id_escala` int(11) NOT NULL,
  `status` enum('PRESENTE','FALTOU','JUSTIFICADO') NOT NULL,
  `horario_registro` timestamp NOT NULL DEFAULT current_timestamp() ON UPDATE current_timestamp(),
  PRIMARY KEY (`id`),
  UNIQUE KEY `id_escala` (`id_escala`),
  CONSTRAINT `presencas_ibfk_1` FOREIGN KEY (`id_escala`) REFERENCES `escalas` (`id`) ON DELETE CASCADE
) ENGINE=InnoDB AUTO_INCREMENT=5 DEFAULT CHARSET=utf8mb4 COLLATE=utf8mb4_general_ci;
/*!40101 SET character_set_client = @saved_cs_client */;

--
-- Dumping data for table `presencas`
--

LOCK TABLES `presencas` WRITE;
/*!40000 ALTER TABLE `presencas` DISABLE KEYS */;
/*!40000 ALTER TABLE `presencas` ENABLE KEYS */;
UNLOCK TABLES;

--
-- Table structure for table `usuarios_sistema`
--

DROP TABLE IF EXISTS `usuarios_sistema`;
/*!40101 SET @saved_cs_client     = @@character_set_client */;
/*!50503 SET character_set_client = utf8mb4 */;
CREATE TABLE `usuarios_sistema` (
  `id` int(11) NOT NULL AUTO_INCREMENT,
  `nome` varchar(150) NOT NULL,
  `usuario` varchar(50) NOT NULL,
  `senha` varchar(100) NOT NULL,
  `cargo` varchar(20) NOT NULL,
  `criado_em` timestamp NOT NULL DEFAULT current_timestamp(),
  `id_obra_responsavel` varchar(255) DEFAULT 'Todas',
  PRIMARY KEY (`id`),
  UNIQUE KEY `usuario` (`usuario`)
) ENGINE=InnoDB AUTO_INCREMENT=32 DEFAULT CHARSET=utf8mb4 COLLATE=utf8mb4_general_ci;
/*!40101 SET character_set_client = @saved_cs_client */;

--
-- Dumping data for table `usuarios_sistema`
--

LOCK TABLES `usuarios_sistema` WRITE;
/*!40000 ALTER TABLE `usuarios_sistema` DISABLE KEYS */;
INSERT INTO `usuarios_sistema` VALUES (1,'Administrador Master','master','123456','MASTER','2026-06-17 13:32:34','Todas');
/*!40000 ALTER TABLE `usuarios_sistema` ENABLE KEYS */;
UNLOCK TABLES;

--
-- Table structure for table `veiculos`
--

DROP TABLE IF EXISTS `veiculos`;
/*!40101 SET @saved_cs_client     = @@character_set_client */;
/*!50503 SET character_set_client = utf8mb4 */;
CREATE TABLE `veiculos` (
  `id` int(11) NOT NULL AUTO_INCREMENT,
  `placa` varchar(10) NOT NULL,
  `marca` varchar(50) DEFAULT NULL,
  `modelo` varchar(50) DEFAULT NULL,
  `ano` int(4) DEFAULT NULL,
  `tipo` varchar(50) NOT NULL,
  `descricao` text DEFAULT NULL,
  `status` varchar(30) DEFAULT 'DISPONÍVEL',
  `id_funcionario` int(11) DEFAULT NULL,
  `data_cadastro` timestamp NOT NULL DEFAULT current_timestamp(),
  PRIMARY KEY (`id`),
  UNIQUE KEY `placa` (`placa`),
  KEY `fk_veiculo_funcionario` (`id_funcionario`),
  CONSTRAINT `fk_veiculo_funcionario` FOREIGN KEY (`id_funcionario`) REFERENCES `funcionarios` (`id`) ON DELETE SET NULL
) ENGINE=InnoDB AUTO_INCREMENT=12 DEFAULT CHARSET=utf8mb4 COLLATE=utf8mb4_general_ci;
/*!40101 SET character_set_client = @saved_cs_client */;

--
-- Dumping data for table `veiculos`
--

LOCK TABLES `veiculos` WRITE;
/*!40000 ALTER TABLE `veiculos` DISABLE KEYS */;
/*!40000 ALTER TABLE `veiculos` ENABLE KEYS */;
UNLOCK TABLES;

--
-- Dumping events for database 'controle_equipes'
--

--
-- Dumping routines for database 'controle_equipes'
--
/*!40103 SET TIME_ZONE=@OLD_TIME_ZONE */;

/*!40101 SET SQL_MODE=@OLD_SQL_MODE */;
/*!40014 SET FOREIGN_KEY_CHECKS=@OLD_FOREIGN_KEY_CHECKS */;
/*!40014 SET UNIQUE_CHECKS=@OLD_UNIQUE_CHECKS */;
/*!40101 SET CHARACTER_SET_CLIENT=@OLD_CHARACTER_SET_CLIENT */;
/*!40101 SET CHARACTER_SET_RESULTS=@OLD_CHARACTER_SET_RESULTS */;
/*!40101 SET COLLATION_CONNECTION=@OLD_COLLATION_CONNECTION */;
/*!40111 SET SQL_NOTES=@OLD_SQL_NOTES */;

-- Dump completed on 2026-07-02 10:01:37
